{
  "runtime": "distributed",
  "total_steps": 1000,
  "effective_steps": 64000,
  "elapsed_time": 1.830306292977184,
  "throughput": 34966.82508581519,
  "step_multiplier": 64,
  "timestamp": 1757278675.864497,
  "num_agents": 64,
  "num_processes": 2,
  "mpi_rank": 0,
  "mpi_size": 3
}