{
  "runtime": "distributed",
  "total_steps": 1000,
  "effective_steps": 32000,
  "elapsed_time": 0.6112740869866684,
  "throughput": 52349.67534407835,
  "step_multiplier": 32,
  "timestamp": 1757278667.5283735,
  "num_agents": 32,
  "num_processes": 7,
  "mpi_rank": 0,
  "mpi_size": 8
}