{
  "runtime": "distributed",
  "total_steps": 1000,
  "effective_steps": 32000,
  "elapsed_time": 0.698402933019679,
  "throughput": 45818.82246920394,
  "step_multiplier": 32,
  "timestamp": 1757278665.2983322,
  "num_agents": 32,
  "num_processes": 4,
  "mpi_rank": 0,
  "mpi_size": 5
}