{
  "runtime": "distributed",
  "total_steps": 1000,
  "effective_steps": 32000,
  "elapsed_time": 1.9345507440157235,
  "throughput": 16541.308155905324,
  "step_multiplier": 32,
  "timestamp": 1757278660.4829416,
  "num_agents": 32,
  "num_processes": 1,
  "mpi_rank": 0,
  "mpi_size": 2
}