{
  "runtime": "distributed",
  "total_steps": 1000,
  "effective_steps": 64000,
  "elapsed_time": 1.0132987719844095,
  "throughput": 63160.04891100834,
  "step_multiplier": 64,
  "timestamp": 1757278681.0640852,
  "num_agents": 64,
  "num_processes": 7,
  "mpi_rank": 0,
  "mpi_size": 8
}