{
  "runtime": "distributed",
  "total_steps": 1000,
  "effective_steps": 64000,
  "elapsed_time": 3.4966722059762105,
  "throughput": 18303.11685797048,
  "step_multiplier": 64,
  "timestamp": 1757278672.5432968,
  "num_agents": 64,
  "num_processes": 1,
  "mpi_rank": 0,
  "mpi_size": 2
}