{
  "runtime": "distributed",
  "total_steps": 1000,
  "effective_steps": 1000,
  "elapsed_time": 0.12047612998867407,
  "throughput": 8300.399424300977,
  "step_multiplier": 1,
  "timestamp": 1757278626.9567282,
  "num_agents": 1,
  "num_processes": 7,
  "mpi_rank": 0,
  "mpi_size": 8
}