{
  "runtime": "distributed",
  "total_steps": 1000,
  "effective_steps": 16000,
  "elapsed_time": 0.5333239429746754,
  "throughput": 30000.52821697478,
  "step_multiplier": 16,
  "timestamp": 1757278652.9596248,
  "num_agents": 16,
  "num_processes": 2,
  "mpi_rank": 0,
  "mpi_size": 3
}