{
  "runtime": "distributed",
  "total_steps": 1000,
  "effective_steps": 4000,
  "elapsed_time": 0.16327588900458068,
  "throughput": 24498.41200918392,
  "step_multiplier": 4,
  "timestamp": 1757278640.9107907,
  "num_agents": 4,
  "num_processes": 7,
  "mpi_rank": 0,
  "mpi_size": 8
}