{
  "runtime": "distributed",
  "total_steps": 1000,
  "effective_steps": 8000,
  "elapsed_time": 0.21040031395386904,
  "throughput": 38022.756951560565,
  "step_multiplier": 8,
  "timestamp": 1757278648.380283,
  "num_agents": 8,
  "num_processes": 7,
  "mpi_rank": 0,
  "mpi_size": 8
}