{
  "runtime": "distributed",
  "total_steps": 1000,
  "effective_steps": 2000,
  "elapsed_time": 0.15670627797953784,
  "throughput": 12762.730541409152,
  "step_multiplier": 2,
  "timestamp": 1757278633.856834,
  "num_agents": 2,
  "num_processes": 7,
  "mpi_rank": 0,
  "mpi_size": 8
}