{
  "runtime": "distributed",
  "total_steps": 1000,
  "effective_steps": 64000,
  "elapsed_time": 3.267731064988766,
  "throughput": 19585.45508402174,
  "step_multiplier": 64,
  "timestamp": 1755034655.280342,
  "num_agents": 64,
  "num_processes": 1,
  "mpi_rank": 0,
  "mpi_size": 2
}
