{
  "runtime": "distributed",
  "total_steps": 1000,
  "effective_steps": 8000,
  "elapsed_time": 0.3157071489840746,
  "throughput": 25339.939325870473,
  "step_multiplier": 8,
  "timestamp": 1757278644.8143437,
  "num_agents": 8,
  "num_processes": 2,
  "mpi_rank": 0,
  "mpi_size": 3
}