{
  "runtime": "distributed",
  "total_steps": 1000,
  "effective_steps": 64000,
  "elapsed_time": 1.103505456005223,
  "throughput": 57996.99462446253,
  "step_multiplier": 64,
  "timestamp": 1757278678.476588,
  "num_agents": 64,
  "num_processes": 4,
  "mpi_rank": 0,
  "mpi_size": 5
}