{
  "runtime": "distributed",
  "total_steps": 1000,
  "effective_steps": 128000,
  "elapsed_time": 3.546274111024104,
  "throughput": 36094.220579873836,
  "step_multiplier": 128,
  "timestamp": 1757278694.436407,
  "num_agents": 128,
  "num_processes": 2,
  "mpi_rank": 0,
  "mpi_size": 3
}