{
  "runtime": "distributed",
  "total_steps": 1000,
  "effective_steps": 4000,
  "elapsed_time": 0.16183853801339865,
  "throughput": 24715.99193307616,
  "step_multiplier": 4,
  "timestamp": 1757278639.1839983,
  "num_agents": 4,
  "num_processes": 4,
  "mpi_rank": 0,
  "mpi_size": 5
}