{
  "runtime": "distributed",
  "total_steps": 1000,
  "effective_steps": 16000,
  "elapsed_time": 1.037132992001716,
  "throughput": 15427.143985767185,
  "step_multiplier": 16,
  "timestamp": 1757278650.9338756,
  "num_agents": 16,
  "num_processes": 1,
  "mpi_rank": 0,
  "mpi_size": 2
}