{
  "runtime": "distributed",
  "total_steps": 1000,
  "effective_steps": 32000,
  "elapsed_time": 1.0628100089961663,
  "throughput": 30108.86210059716,
  "step_multiplier": 32,
  "timestamp": 1757278663.0298598,
  "num_agents": 32,
  "num_processes": 2,
  "mpi_rank": 0,
  "mpi_size": 3
}