{
  "runtime": "distributed",
  "total_steps": 1000,
  "effective_steps": 16000,
  "elapsed_time": 0.36258547502802685,
  "throughput": 44127.52606475272,
  "step_multiplier": 16,
  "timestamp": 1757278654.8549604,
  "num_agents": 16,
  "num_processes": 4,
  "mpi_rank": 0,
  "mpi_size": 5
}