{
  "runtime": "distributed",
  "total_steps": 1000,
  "effective_steps": 2000,
  "elapsed_time": 0.16875044105108827,
  "throughput": 11851.820875505215,
  "step_multiplier": 2,
  "timestamp": 1757278630.4628737,
  "num_agents": 2,
  "num_processes": 2,
  "mpi_rank": 0,
  "mpi_size": 3
}