{
  "runtime": "distributed",
  "total_steps": 1000,
  "effective_steps": 16000,
  "elapsed_time": 0.3250688620028086,
  "throughput": 49220.34027319959,
  "step_multiplier": 16,
  "timestamp": 1757278656.7811522,
  "num_agents": 16,
  "num_processes": 7,
  "mpi_rank": 0,
  "mpi_size": 8
}