{
  "runtime": "parallel",
  "total_steps": 1000,
  "effective_steps": 4000,
  "elapsed_time": 0.1503185870096786,
  "throughput": 26610.14901465546,
  "step_multiplier": 4,
  "timestamp": 1755034589.2667916,
  "num_agents": 4,
  "num_processes": 8,
  "mpi_rank": 0,
  "mpi_size": 1
}
