{
  "runtime": "parallel",
  "total_steps": 1000,
  "effective_steps": 32000,
  "elapsed_time": 0.30007110798032954,
  "throughput": 106641.38982050109,
  "step_multiplier": 32,
  "timestamp": 1757278582.9141374,
  "num_agents": 32,
  "num_processes": 8,
  "mpi_rank": 0,
  "mpi_size": 1
}