{
  "runtime": "parallel",
  "total_steps": 1000,
  "effective_steps": 16000,
  "elapsed_time": 0.2746865829685703,
  "throughput": 58248.20356016706,
  "step_multiplier": 16,
  "timestamp": 1757278570.023357,
  "num_agents": 16,
  "num_processes": 4,
  "mpi_rank": 0,
  "mpi_size": 1
}