{
  "runtime": "parallel",
  "total_steps": 1000,
  "effective_steps": 64000,
  "elapsed_time": 0.8961072570527904,
  "throughput": 71420.02198541476,
  "step_multiplier": 64,
  "timestamp": 1757278595.20068,
  "num_agents": 64,
  "num_processes": 4,
  "mpi_rank": 0,
  "mpi_size": 1
}