{
  "runtime": "parallel",
  "total_steps": 1000,
  "effective_steps": 64000,
  "elapsed_time": 3.2407020709943026,
  "throughput": 19748.807078820333,
  "step_multiplier": 64,
  "timestamp": 1757278589.540249,
  "num_agents": 64,
  "num_processes": 1,
  "mpi_rank": 0,
  "mpi_size": 1
}