{
  "runtime": "parallel",
  "total_steps": 1000,
  "effective_steps": 128000,
  "elapsed_time": 0.9251350929844193,
  "throughput": 138358.17165586184,
  "step_multiplier": 128,
  "timestamp": 1757278620.3386855,
  "num_agents": 128,
  "num_processes": 16,
  "mpi_rank": 0,
  "mpi_size": 1
}