{
  "runtime": "parallel",
  "total_steps": 1000,
  "effective_steps": 1000,
  "elapsed_time": 0.12622411000484135,
  "throughput": 7922.416723410804,
  "step_multiplier": 1,
  "timestamp": 1755034567.686018,
  "num_agents": 1,
  "num_processes": 1,
  "mpi_rank": 0,
  "mpi_size": 1
}
