{
  "runtime": "parallel",
  "total_steps": 1000,
  "effective_steps": 2000,
  "elapsed_time": 0.11932434100890532,
  "throughput": 16761.039558984343,
  "step_multiplier": 2,
  "timestamp": 1757278544.4064336,
  "num_agents": 2,
  "num_processes": 8,
  "mpi_rank": 0,
  "mpi_size": 1
}