{
  "runtime": "parallel",
  "total_steps": 1000,
  "effective_steps": 128000,
  "elapsed_time": 1.7235853520105593,
  "throughput": 74263.80123890484,
  "step_multiplier": 128,
  "timestamp": 1757278615.2183952,
  "num_agents": 128,
  "num_processes": 4,
  "mpi_rank": 0,
  "mpi_size": 1
}