{
  "runtime": "parallel",
  "total_steps": 1000,
  "effective_steps": 64000,
  "elapsed_time": 1.7203884410118917,
  "throughput": 37200.90095604032,
  "step_multiplier": 64,
  "timestamp": 1755034627.3332844,
  "num_agents": 64,
  "num_processes": 2,
  "mpi_rank": 0,
  "mpi_size": 1
}
