{
  "runtime": "parallel",
  "total_steps": 1000,
  "effective_steps": 32000,
  "elapsed_time": 1.6075410339981318,
  "throughput": 19906.179265864506,
  "step_multiplier": 32,
  "timestamp": 1757278576.702447,
  "num_agents": 32,
  "num_processes": 1,
  "mpi_rank": 0,
  "mpi_size": 1
}