{
  "runtime": "parallel",
  "total_steps": 1000,
  "effective_steps": 2000,
  "elapsed_time": 0.11329178200685419,
  "throughput": 17653.531126194124,
  "step_multiplier": 2,
  "timestamp": 1755034577.5185738,
  "num_agents": 2,
  "num_processes": 2,
  "mpi_rank": 0,
  "mpi_size": 1
}
