{
  "runtime": "parallel",
  "total_steps": 1000,
  "effective_steps": 16000,
  "elapsed_time": 0.23018570899148472,
  "throughput": 69509.09363618177,
  "step_multiplier": 16,
  "timestamp": 1755034608.2941995,
  "num_agents": 16,
  "num_processes": 16,
  "mpi_rank": 0,
  "mpi_size": 1
}
