{
  "runtime": "parallel",
  "total_steps": 1000,
  "effective_steps": 32000,
  "elapsed_time": 0.268950320998556,
  "throughput": 118981.08126880358,
  "step_multiplier": 32,
  "timestamp": 1755034617.5916069,
  "num_agents": 32,
  "num_processes": 8,
  "mpi_rank": 0,
  "mpi_size": 1
}
