{
  "runtime": "parallel",
  "total_steps": 1000,
  "effective_steps": 1000,
  "elapsed_time": 0.10141750500770286,
  "throughput": 9860.230735552488,
  "step_multiplier": 1,
  "timestamp": 1757278536.16801,
  "num_agents": 1,
  "num_processes": 8,
  "mpi_rank": 0,
  "mpi_size": 1
}