{
  "runtime": "parallel",
  "total_steps": 1000,
  "effective_steps": 1000,
  "elapsed_time": 0.10171599598834291,
  "throughput": 9831.295365918693,
  "step_multiplier": 1,
  "timestamp": 1755034572.539375,
  "num_agents": 1,
  "num_processes": 8,
  "mpi_rank": 0,
  "mpi_size": 1
}
