{
  "runtime": "parallel",
  "total_steps": 1000,
  "effective_steps": 2000,
  "elapsed_time": 0.12307275699276943,
  "throughput": 16250.550071918035,
  "step_multiplier": 2,
  "timestamp": 1755034580.759393,
  "num_agents": 2,
  "num_processes": 8,
  "mpi_rank": 0,
  "mpi_size": 1
}
