{
  "runtime": "parallel",
  "total_steps": 1000,
  "effective_steps": 32000,
  "elapsed_time": 0.8437011239584535,
  "throughput": 37928.12299438845,
  "step_multiplier": 32,
  "timestamp": 1757278579.060643,
  "num_agents": 32,
  "num_processes": 2,
  "mpi_rank": 0,
  "mpi_size": 1
}