{
  "runtime": "parallel",
  "total_steps": 1000,
  "effective_steps": 2000,
  "elapsed_time": 0.14104723802302033,
  "throughput": 14179.646677473967,
  "step_multiplier": 2,
  "timestamp": 1757278546.0541718,
  "num_agents": 2,
  "num_processes": 16,
  "mpi_rank": 0,
  "mpi_size": 1
}