{
  "runtime": "parallel",
  "total_steps": 1000,
  "effective_steps": 32000,
  "elapsed_time": 0.3169024399976479,
  "throughput": 100977.44908571076,
  "step_multiplier": 32,
  "timestamp": 1755034619.4636364,
  "num_agents": 32,
  "num_processes": 16,
  "mpi_rank": 0,
  "mpi_size": 1
}
