{
  "runtime": "parallel",
  "total_steps": 1000,
  "effective_steps": 8000,
  "elapsed_time": 0.1953198679839261,
  "throughput": 40958.45488006557,
  "step_multiplier": 8,
  "timestamp": 1757278562.0456114,
  "num_agents": 8,
  "num_processes": 8,
  "mpi_rank": 0,
  "mpi_size": 1
}