{
  "runtime": "parallel",
  "total_steps": 1000,
  "effective_steps": 4000,
  "elapsed_time": 0.13017744100943673,
  "throughput": 30727.290143228693,
  "step_multiplier": 4,
  "timestamp": 1755034587.596128,
  "num_agents": 4,
  "num_processes": 4,
  "mpi_rank": 0,
  "mpi_size": 1
}
