{
  "runtime": "parallel",
  "total_steps": 1000,
  "effective_steps": 32000,
  "elapsed_time": 0.8836598609923385,
  "throughput": 36213.02880507033,
  "step_multiplier": 32,
  "timestamp": 1755034613.8284907,
  "num_agents": 32,
  "num_processes": 2,
  "mpi_rank": 0,
  "mpi_size": 1
}
