{
  "runtime": "parallel",
  "total_steps": 1000,
  "effective_steps": 64000,
  "elapsed_time": 0.5561701470287517,
  "throughput": 115072.699140559,
  "step_multiplier": 64,
  "timestamp": 1757278597.2923727,
  "num_agents": 64,
  "num_processes": 8,
  "mpi_rank": 0,
  "mpi_size": 1
}