{
  "runtime": "parallel",
  "total_steps": 1000,
  "effective_steps": 64000,
  "elapsed_time": 0.8414044179953635,
  "throughput": 76063.3039608697,
  "step_multiplier": 64,
  "timestamp": 1755034628.3784251,
  "num_agents": 64,
  "num_processes": 4,
  "mpi_rank": 0,
  "mpi_size": 1
}
