{
  "runtime": "parallel",
  "total_steps": 1000,
  "effective_steps": 2000,
  "elapsed_time": 0.1578319159889361,
  "throughput": 12671.708301001672,
  "step_multiplier": 2,
  "timestamp": 1755034582.4430258,
  "num_agents": 2,
  "num_processes": 16,
  "mpi_rank": 0,
  "mpi_size": 1
}
