{
  "runtime": "parallel",
  "total_steps": 1000,
  "effective_steps": 32000,
  "elapsed_time": 1.621389920997899,
  "throughput": 19736.153275398006,
  "step_multiplier": 32,
  "timestamp": 1755034611.42122,
  "num_agents": 32,
  "num_processes": 1,
  "mpi_rank": 0,
  "mpi_size": 1
}
