{
  "runtime": "parallel",
  "total_steps": 1000,
  "effective_steps": 1000,
  "elapsed_time": 0.09165945800486952,
  "throughput": 10909.948866890243,
  "step_multiplier": 1,
  "timestamp": 1757278534.5532389,
  "num_agents": 1,
  "num_processes": 4,
  "mpi_rank": 0,
  "mpi_size": 1
}