{
  "runtime": "parallel",
  "total_steps": 1000,
  "effective_steps": 2000,
  "elapsed_time": 0.17927943999529816,
  "throughput": 11155.768893814331,
  "step_multiplier": 2,
  "timestamp": 1755034575.8784409,
  "num_agents": 2,
  "num_processes": 1,
  "mpi_rank": 0,
  "mpi_size": 1
}
