{
  "runtime": "parallel",
  "total_steps": 1000,
  "effective_steps": 16000,
  "elapsed_time": 0.8775713740033098,
  "throughput": 18232.135270104714,
  "step_multiplier": 16,
  "timestamp": 1755034601.0652206,
  "num_agents": 16,
  "num_processes": 1,
  "mpi_rank": 0,
  "mpi_size": 1
}
