{
  "runtime": "parallel",
  "total_steps": 1000,
  "effective_steps": 4000,
  "elapsed_time": 0.13025855197338387,
  "throughput": 30708.15650412982,
  "step_multiplier": 4,
  "timestamp": 1757278551.3266635,
  "num_agents": 4,
  "num_processes": 4,
  "mpi_rank": 0,
  "mpi_size": 1
}