{
  "runtime": "parallel",
  "total_steps": 1000,
  "effective_steps": 1000,
  "elapsed_time": 0.11889371700817719,
  "throughput": 8410.873384766182,
  "step_multiplier": 1,
  "timestamp": 1757278537.8105915,
  "num_agents": 1,
  "num_processes": 16,
  "mpi_rank": 0,
  "mpi_size": 1
}