{
  "runtime": "parallel",
  "total_steps": 1000,
  "effective_steps": 64000,
  "elapsed_time": 0.48699927600682713,
  "throughput": 131417.03315202217,
  "step_multiplier": 64,
  "timestamp": 1755034632.4339027,
  "num_agents": 64,
  "num_processes": 16,
  "mpi_rank": 0,
  "mpi_size": 1
}
