{
  "runtime": "parallel",
  "total_steps": 1000,
  "effective_steps": 4000,
  "elapsed_time": 0.16984765202505514,
  "throughput": 23550.516903288946,
  "step_multiplier": 4,
  "timestamp": 1757278549.5794084,
  "num_agents": 4,
  "num_processes": 2,
  "mpi_rank": 0,
  "mpi_size": 1
}