{
  "runtime": "parallel",
  "total_steps": 1000,
  "effective_steps": 64000,
  "elapsed_time": 1.7044761780416593,
  "throughput": 37548.192708408606,
  "step_multiplier": 64,
  "timestamp": 1757278592.7651622,
  "num_agents": 64,
  "num_processes": 2,
  "mpi_rank": 0,
  "mpi_size": 1
}