{
  "runtime": "parallel",
  "total_steps": 1000,
  "effective_steps": 4000,
  "elapsed_time": 0.29359109699726105,
  "throughput": 13624.391341939488,
  "step_multiplier": 4,
  "timestamp": 1757278547.8726335,
  "num_agents": 4,
  "num_processes": 1,
  "mpi_rank": 0,
  "mpi_size": 1
}