{
  "runtime": "parallel",
  "total_steps": 1000,
  "effective_steps": 8000,
  "elapsed_time": 0.49896403501043096,
  "throughput": 16033.219708576307,
  "step_multiplier": 8,
  "timestamp": 1757278556.7583878,
  "num_agents": 8,
  "num_processes": 1,
  "mpi_rank": 0,
  "mpi_size": 1
}