{
  "runtime": "parallel",
  "total_steps": 1000,
  "effective_steps": 16000,
  "elapsed_time": 0.4800681930501014,
  "throughput": 33328.598377543814,
  "step_multiplier": 16,
  "timestamp": 1757278568.226457,
  "num_agents": 16,
  "num_processes": 2,
  "mpi_rank": 0,
  "mpi_size": 1
}