{
  "runtime": "parallel",
  "total_steps": 1000,
  "effective_steps": 1000,
  "elapsed_time": 0.08957256999565288,
  "throughput": 11164.132055701113,
  "step_multiplier": 1,
  "timestamp": 1757278532.9439712,
  "num_agents": 1,
  "num_processes": 2,
  "mpi_rank": 0,
  "mpi_size": 1
}