{
  "runtime": "parallel",
  "total_steps": 1000,
  "effective_steps": 1000,
  "elapsed_time": 0.12533166899811476,
  "throughput": 7978.829357287518,
  "step_multiplier": 1,
  "timestamp": 1757278531.3293142,
  "num_agents": 1,
  "num_processes": 1,
  "mpi_rank": 0,
  "mpi_size": 1
}