{
  "runtime": "parallel",
  "total_steps": 1000,
  "effective_steps": 32000,
  "elapsed_time": 0.333072945009917,
  "throughput": 96075.05046393732,
  "step_multiplier": 32,
  "timestamp": 1757278584.7828665,
  "num_agents": 32,
  "num_processes": 16,
  "mpi_rank": 0,
  "mpi_size": 1
}