{
  "runtime": "parallel",
  "total_steps": 1000,
  "effective_steps": 2000,
  "elapsed_time": 0.18308674497529864,
  "throughput": 10923.78369755731,
  "step_multiplier": 2,
  "timestamp": 1757278539.532831,
  "num_agents": 2,
  "num_processes": 1,
  "mpi_rank": 0,
  "mpi_size": 1
}