{
  "runtime": "parallel",
  "total_steps": 1000,
  "effective_steps": 2000,
  "elapsed_time": 0.11715385300340131,
  "throughput": 17071.568273063407,
  "step_multiplier": 2,
  "timestamp": 1757278541.1642606,
  "num_agents": 2,
  "num_processes": 2,
  "mpi_rank": 0,
  "mpi_size": 1
}