{
  "runtime": "parallel",
  "total_steps": 1000,
  "effective_steps": 16000,
  "elapsed_time": 0.8757626879960299,
  "throughput": 18269.789543799947,
  "step_multiplier": 16,
  "timestamp": 1757278566.1971483,
  "num_agents": 16,
  "num_processes": 1,
  "mpi_rank": 0,
  "mpi_size": 1
}