{
  "runtime": "parallel",
  "total_steps": 1000,
  "effective_steps": 32000,
  "elapsed_time": 0.47294583497568965,
  "throughput": 67661.02507625395,
  "step_multiplier": 32,
  "timestamp": 1757278581.069994,
  "num_agents": 32,
  "num_processes": 4,
  "mpi_rank": 0,
  "mpi_size": 1
}