{
  "runtime": "parallel",
  "total_steps": 1000,
  "effective_steps": 8000,
  "elapsed_time": 0.4874368839955423,
  "throughput": 16412.38130037193,
  "step_multiplier": 8,
  "timestamp": 1755034592.960469,
  "num_agents": 8,
  "num_processes": 1,
  "mpi_rank": 0,
  "mpi_size": 1
}
