{
  "runtime": "parallel",
  "total_steps": 1000,
  "effective_steps": 8000,
  "elapsed_time": 0.28839830099605024,
  "throughput": 27739.414456916526,
  "step_multiplier": 8,
  "timestamp": 1757278558.5718977,
  "num_agents": 8,
  "num_processes": 2,
  "mpi_rank": 0,
  "mpi_size": 1
}