{
  "runtime": "parallel",
  "total_steps": 1000,
  "effective_steps": 16000,
  "elapsed_time": 0.224456669006031,
  "throughput": 71283.24620896022,
  "step_multiplier": 16,
  "timestamp": 1757278571.7662745,
  "num_agents": 16,
  "num_processes": 8,
  "mpi_rank": 0,
  "mpi_size": 1
}