{
  "runtime": "parallel",
  "total_steps": 1000,
  "effective_steps": 8000,
  "elapsed_time": 0.17298829500214197,
  "throughput": 46245.90351561615,
  "step_multiplier": 8,
  "timestamp": 1755034596.514472,
  "num_agents": 8,
  "num_processes": 4,
  "mpi_rank": 0,
  "mpi_size": 1
}
