{
  "runtime": "parallel",
  "total_steps": 1000,
  "effective_steps": 8000,
  "elapsed_time": 0.22025005699833855,
  "throughput": 36322.35155362683,
  "step_multiplier": 8,
  "timestamp": 1757278563.8032131,
  "num_agents": 8,
  "num_processes": 16,
  "mpi_rank": 0,
  "mpi_size": 1
}