{
  "runtime": "parallel",
  "total_steps": 1000,
  "effective_steps": 4000,
  "elapsed_time": 0.16733539302367717,
  "throughput": 23904.088236933945,
  "step_multiplier": 4,
  "timestamp": 1757278553.0313175,
  "num_agents": 4,
  "num_processes": 8,
  "mpi_rank": 0,
  "mpi_size": 1
}