{
  "runtime": "parallel",
  "total_steps": 1000,
  "effective_steps": 16000,
  "elapsed_time": 0.2579377379734069,
  "throughput": 62030.47342242562,
  "step_multiplier": 16,
  "timestamp": 1757278573.5721123,
  "num_agents": 16,
  "num_processes": 16,
  "mpi_rank": 0,
  "mpi_size": 1
}