{
  "runtime": "parallel",
  "total_steps": 1000,
  "effective_steps": 2000,
  "elapsed_time": 0.10806001099990681,
  "throughput": 18508.234281058187,
  "step_multiplier": 2,
  "timestamp": 1757278542.7801201,
  "num_agents": 2,
  "num_processes": 4,
  "mpi_rank": 0,
  "mpi_size": 1
}