{
  "runtime": "parallel",
  "total_steps": 1000,
  "effective_steps": 8000,
  "elapsed_time": 0.18738873599795625,
  "throughput": 42692.00044173014,
  "step_multiplier": 8,
  "timestamp": 1757278560.2986128,
  "num_agents": 8,
  "num_processes": 4,
  "mpi_rank": 0,
  "mpi_size": 1
}