{
  "runtime": "single_thread",
  "total_steps": 1000,
  "effective_steps": 1000,
  "elapsed_time": 0.12196665402734652,
  "throughput": 8198.96231453383,
  "step_multiplier": 1,
  "timestamp": 1757278506.31053,
  "num_agents": 1,
  "num_processes": 1,
  "mpi_rank": 0,
  "mpi_size": 1
}