{
  "runtime": "single_thread",
  "total_steps": 1000,
  "effective_steps": 4000,
  "elapsed_time": 0.2815777869982412,
  "throughput": 14205.66601734456,
  "step_multiplier": 4,
  "timestamp": 1755034555.4519358,
  "num_agents": 4,
  "num_processes": 1,
  "mpi_rank": 0,
  "mpi_size": 1
}
