{
  "runtime": "single_thread",
  "total_steps": 1000,
  "effective_steps": 1000,
  "elapsed_time": 0.11724512500222772,
  "throughput": 8529.139271086959,
  "step_multiplier": 1,
  "timestamp": 1757854896.8967202,
  "num_agents": 1,
  "num_processes": 1,
  "mpi_rank": 0,
  "mpi_size": 1
}