{
  "runtime": "single_thread",
  "total_steps": 1000,
  "effective_steps": 32000,
  "elapsed_time": 1.5254156430019066,
  "throughput": 20977.88897524765,
  "step_multiplier": 32,
  "timestamp": 1755034562.9015524,
  "num_agents": 32,
  "num_processes": 1,
  "mpi_rank": 0,
  "mpi_size": 1
}
