{
  "runtime": "single_thread",
  "total_steps": 1000,
  "effective_steps": 32000,
  "elapsed_time": 1.6519982470199466,
  "throughput": 19370.480602945594,
  "step_multiplier": 32,
  "timestamp": 1757278517.415798,
  "num_agents": 32,
  "num_processes": 1,
  "mpi_rank": 0,
  "mpi_size": 1
}