{
  "runtime": "single_thread",
  "total_steps": 1000,
  "effective_steps": 64000,
  "elapsed_time": 3.09378623199882,
  "throughput": 20686.626418481137,
  "step_multiplier": 64,
  "timestamp": 1757278522.0321305,
  "num_agents": 64,
  "num_processes": 1,
  "mpi_rank": 0,
  "mpi_size": 1
}