{
  "runtime": "single_thread",
  "total_steps": 1000,
  "effective_steps": 16000,
  "elapsed_time": 0.8697233399725519,
  "throughput": 18396.65473448712,
  "step_multiplier": 16,
  "timestamp": 1757278514.1911647,
  "num_agents": 16,
  "num_processes": 1,
  "mpi_rank": 0,
  "mpi_size": 1
}