{
  "runtime": "single_thread",
  "total_steps": 1000,
  "effective_steps": 128000,
  "elapsed_time": 6.11947928002337,
  "throughput": 20916.812385956993,
  "step_multiplier": 128,
  "timestamp": 1757278529.6826625,
  "num_agents": 128,
  "num_processes": 1,
  "mpi_rank": 0,
  "mpi_size": 1
}