{
  "runtime": "single_thread",
  "total_steps": 1000,
  "effective_steps": 8000,
  "elapsed_time": 0.4730860629933886,
  "throughput": 16910.242397294634,
  "step_multiplier": 8,
  "timestamp": 1757278511.822803,
  "num_agents": 8,
  "num_processes": 1,
  "mpi_rank": 0,
  "mpi_size": 1
}