{
  "runtime": "single_thread",
  "total_steps": 1000,
  "effective_steps": 4000,
  "elapsed_time": 0.2918402689974755,
  "throughput": 13706.127717537845,
  "step_multiplier": 4,
  "timestamp": 1757278509.8230214,
  "num_agents": 4,
  "num_processes": 1,
  "mpi_rank": 0,
  "mpi_size": 1
}