{
  "runtime": "single_thread",
  "total_steps": 1000,
  "effective_steps": 2000,
  "elapsed_time": 0.18728570399980526,
  "throughput": 10678.871677264164,
  "step_multiplier": 2,
  "timestamp": 1755034553.6564667,
  "num_agents": 2,
  "num_processes": 1,
  "mpi_rank": 0,
  "mpi_size": 1
}
