{
  "runtime": "single_thread",
  "total_steps": 1000,
  "effective_steps": 2000,
  "elapsed_time": 0.18198179901810363,
  "throughput": 10990.110059308949,
  "step_multiplier": 2,
  "timestamp": 1757278508.008181,
  "num_agents": 2,
  "num_processes": 1,
  "mpi_rank": 0,
  "mpi_size": 1
}